{"schemaVersion":"1.0","appDefinitionTemplate":{"id":"/providers/Microsoft.PowerApps/apps/","type":"Microsoft.PowerApps/apps","tags":{"sp-site-id":"https://dut4lifeac-my.sharepoint.com/personal/22010790_dut4life_ac_za","sp-list-id":"e20a0573-5453-4719-8bed-599c2cad1f87","https://dut4lifeac-my.sharepoint.com/personal/22010790_dut4life_ac_za":"e20a0573-5453-4719-8bed-599c2cad1f87","primaryDeviceWidth":"640","primaryDeviceHeight":"1136","supportsPortrait":"true","supportsLandscape":"true","primaryFormFactor":"Phone","publisherVersion":"3.22103.21","minimumRequiredApiVersion":"2.2.0","hasComponent":"false","hasUnlockedComponent":"false","isUnifiedRootApp":"false","sienaVersion":"20221101T154102Z-3.22103.21.0"},"properties":{"appVersion":"2022-11-01T15:41:02Z","lifeCycleId":"Published","createdByClientVersion":{"major":3,"minor":22103,"build":21,"revision":0,"majorRevision":0,"minorRevision":0},"minClientVersion":{"major":3,"minor":22103,"build":21,"revision":0,"majorRevision":0,"minorRevision":0},"backgroundColor":"RGBA(0,176,240,1)","backgroundImageUri":"/11162492907048052103/N79f21d13-0a68-4a5f-a411-9cac410dec0a-logoSmallFile","displayName":"RoadRunner","description":"","commitMessage":"","appUris":{"documentUri":{"value":"/11162492907048052103/N90ca1d59-4f40-4f99-868f-46eaa7438f39-document.msapp"},"imageUris":[],"additionalUris":[]},"createdTime":"0001-01-01T00:00:00Z","lastModifiedTime":"0001-01-01T00:00:00Z","sharedGroupsCount":0,"sharedUsersCount":0,"icons":{"smallIconUri":"/11162492907048052103/N17bf8b92-1f63-4a2a-8ed2-3825a18f0e51-small.png","mediumIconUri":"/11162492907048052103/Na794cb65-7c74-4271-9bb3-5a5b4e68eb5a-medium.png","largeIconUri":"/11162492907048052103/N042a8c26-3388-4c23-8595-ccabc87d5d47-large.png","wideIconUri":"/11162492907048052103/N20b3026c-7764-4ca8-8dbc-7e54884265b6-wide.png"},"connectionReferences":{"9e7805c1-47e5-4e8b-a2ca-6c2cc51b3121":{"id":"63b2a388-955d-48ac-a4be-efa7723320bb","displayName":"SharePoint","iconUri":"https://connectoricons-prod.azureedge.net/releases/v1.0.1601/1.0.1601.3047/sharepointonline/icon.png","dataSources":["Driver","Create"],"dependencies":[],"dependents":[],"parameterHints":{},"parameterHintsV2":{},"isOnPremiseConnection":false,"bypassConsent":false,"dataSets":{"https://dut4lifeac-my.sharepoint.com/personal/22010790_dut4life_ac_za":{"dataSources":{"Driver":{"tableName":"e20a0573-5453-4719-8bed-599c2cad1f87"},"Create":{"tableName":"5182bd71-5bd4-4270-80c4-9b1c7d135f1f"}}}},"apiTier":"Standard","isCustomApiConnection":false,"actions":["providers/PowerPlatform.Governance/Operations/Read","providers/PowerPlatform.Governance/Operations/Write"]}},"databaseReferences":{},"almMode":"Environment","performanceOptimizationEnabled":true,"canConsumeAppPass":true,"enableModernRuntimeMode":false,"executionRestrictions":{"isTeamsOnly":false,"dataLossPreventionEvaluationResult":{"status":"Compliant","lastEvaluationDate":"2022-10-11T23:13:31.8137396Z","violations":[],"violationsByPolicy":[],"violationErrorMessage":"The app uses the following connectors: shared_sharepointonline."}}},"appType":"ClassicCanvasApp","appComponents":[]}}